date,value
2000-01-01,-149.82133035073429
2000-01-02,-150.32392786813776
2000-01-03,-150.43072999793108
2000-01-04,-150.1014268989324
2000-01-05,-152.80669119765872
2000-01-06,-152.19011059999227
2000-01-07,-152.62012203973225
2000-01-08,-151.17117769990546
2000-01-09,-154.20699204539494
2000-01-10,-152.8604400754177
2000-01-11,-153.90246750325275
2000-01-12,-154.01831591410632
2000-01-13,-153.49105159464204
2000-01-14,-155.8051155374344
2000-01-15,-155.25713718726485
2000-01-16,-155.0934649012963
2000-01-17,-156.15460632593195
2000-01-18,-157.42700035011285
2000-01-19,-156.96959807187503
2000-01-20,-156.77049885558188
2000-01-21,-157.26617312816649
2000-01-22,-158.63845796347468
2000-01-23,-158.96255661767495
2000-01-24,-159.43165305675
2000-01-25,-160.0602696488614
2000-01-26,-160.67387592812707
2000-01-27,-159.2612000625354
2000-01-28,-162.3203801749355
2000-01-29,-161.8101453469151
2000-01-30,-162.7322660229287
2000-01-31,-162.6846006860405
2000-02-01,-163.1924107718208
2000-02-02,-164.5651880345159
2000-02-03,-163.58723063547225
2000-02-04,-164.74978894001578
2000-02-05,-163.66618360830407
2000-02-06,-163.14516987363933
2000-02-07,-162.91083624038305
2000-02-08,-165.06519557185632
2000-02-09,-167.0768567333121
2000-02-10,-167.55151888103998
2000-02-11,-165.59448685419989
2000-02-12,-169.4540927834748
2000-02-13,-166.22786005131488
2000-02-14,-167.86580496913237
2000-02-15,-167.59480401999352
2000-02-16,-167.4995816162865
2000-02-17,-167.86218553800933
2000-02-18,-168.85213157941106
2000-02-19,-168.9741909697638
2000-02-20,-169.37399126314472
2000-02-21,-168.45068807955832
2000-02-22,-169.8197319403384
2000-02-23,-169.3693196381618
2000-02-24,-169.4095876347232
2000-02-25,-173.4721934320438
2000-02-26,-171.075566495654
2000-02-27,-171.38246203223932
2000-02-28,-171.68769983209575
2000-02-29,-171.20920941010883
2000-03-01,-173.03679218031013
2000-03-02,-170.42238391497347
2000-03-03,-172.81554537421917
2000-03-04,-174.29388313928615
2000-03-05,-175.89770002952199
2000-03-06,-175.26750973583643
2000-03-07,-173.28150959899006
2000-03-08,-174.89691311638038
2000-03-09,-175.59319433981634
2000-03-10,-173.6986788345134
2000-03-11,-176.3834151896798
2000-03-12,-176.47680730144126
2000-03-13,-178.01543634250288
2000-03-14,-174.34418060243974
2000-03-15,-176.82448000829723
2000-03-16,-176.31397084545515
2000-03-17,-175.35871258147122
2000-03-18,-176.67191831119777
2000-03-19,-176.84963323192974
2000-03-20,-174.8176327393623
2000-03-21,-178.04240392082747
2000-03-22,-178.1162794355769
2000-03-23,-176.72060665509628
2000-03-24,-178.1872886998589
2000-03-25,-178.34462005969246
2000-03-26,-178.59737292815714
2000-03-27,-176.1617360023472
2000-03-28,-177.84508956191794
2000-03-29,-180.06425009635197
2000-03-30,-179.1776960026751
2000-03-31,-178.34360595556007
2000-04-01,-180.3116361387566
2000-04-02,-179.6261517450375
2000-04-03,-179.1741660903089
2000-04-04,-179.72745486381766
2000-04-05,-179.7665561516034
2000-04-06,-180.81564308106798
2000-04-07,-180.07021856413778
2000-04-08,-181.69536771367956
2000-04-09,-182.24105944707577
2000-04-10,-181.6464882801929
2000-04-11,-180.18410486409692
2000-04-12,-178.47294530628213
2000-04-13,-181.2506550570418
2000-04-14,-179.37276899314665
2000-04-15,-181.17698719503858
2000-04-16,-181.94141346120662
2000-04-17,-181.11071773788788
2000-04-18,-181.71208494052962
2000-04-19,-183.4251627658801
2000-04-20,-183.14041773173156
2000-04-21,-181.64116260897538
2000-04-22,-180.76844386463202
2000-04-23,-180.56622209910626
2000-04-24,-182.68409410075694
2000-04-25,-181.81125399575762
2000-04-26,-182.33805938714724
2000-04-27,-182.7685715534228
2000-04-28,-181.91198752968225
2000-04-29,-181.71708207717003
2000-04-30,-183.1261348857927
2000-05-01,-184.1245461278025
2000-05-02,-182.28003996465293
2000-05-03,-182.1971939950281
2000-05-04,-181.63332303023623
2000-05-05,-183.90400312361206
2000-05-06,-184.47198822015582
2000-05-07,-181.8528005142317
2000-05-08,-183.77099926908124
2000-05-09,-183.6435617054012
2000-05-10,-180.37956687614195
2000-05-11,-183.5671534729005
2000-05-12,-183.5454643519031
2000-05-13,-180.27560347986835
2000-05-14,-180.9534833027219
2000-05-15,-183.39682248832585
2000-05-16,-183.32430129994015
2000-05-17,-183.1516369302748
2000-05-18,-182.49859228305044
2000-05-19,-181.9727431603377
2000-05-20,-181.52637512832015
2000-05-21,-182.9885297309343
2000-05-22,-183.27276039526066
2000-05-23,-182.58824914655318
2000-05-24,-182.3014797183288
2000-05-25,-182.40926685770353
2000-05-26,-182.7297641243537
2000-05-27,-183.00046506896297
2000-05-28,-180.76614909312636
2000-05-29,-181.0037237221627
2000-05-30,-183.3785626972036
2000-05-31,-182.17881386575445
2000-06-01,-180.57202647863892
2000-06-02,-181.4651281406208
2000-06-03,-180.67379769175423
2000-06-04,-181.42604697662438
2000-06-05,-180.6087343988906
2000-06-06,-182.65374429688987
2000-06-07,-181.5599596117552
2000-06-08,-180.8670300002973
2000-06-09,-180.78965856342435
2000-06-10,-181.47033821628966
2000-06-11,-182.32540354678633
2000-06-12,-181.60138776273828
2000-06-13,-180.00640642576582
2000-06-14,-182.22196548250642
2000-06-15,-178.45614859318076
2000-06-16,-179.1315420472626
2000-06-17,-180.24044562696733
2000-06-18,-179.6053074631359
2000-06-19,-180.09534393546227
2000-06-20,-180.19587920166427
2000-06-21,-179.9134192704063
2000-06-22,-179.1455562867822
2000-06-23,-180.92158435203135
2000-06-24,-178.99148399192478
2000-06-25,-177.40695014578438
2000-06-26,-176.0215609496725
2000-06-27,-176.40808836635136
2000-06-28,-178.0946564232554
2000-06-29,-177.2146344820493
2000-06-30,-178.80026272745994
2000-07-01,-178.22167187691483
2000-07-02,-177.95154059371842
2000-07-03,-176.55138420465198
2000-07-04,-176.51336196824928
2000-07-05,-176.0059508161672
2000-07-06,-177.85586257134452
2000-07-07,-174.29574324538953
2000-07-08,-174.3889894556262
2000-07-09,-178.33617036848165
2000-07-10,-175.8237830837295
2000-07-11,-176.2450661953062
2000-07-12,-176.50829895426196
2000-07-13,-174.8608527047358
2000-07-14,-174.7384619609099
2000-07-15,-173.42177712208294
2000-07-16,-173.87283756761443
2000-07-17,-172.5407738419683
2000-07-18,-172.97900168534125
2000-07-19,-170.97359782549702
2000-07-20,-175.14235526051843
2000-07-21,-172.58212775680505
2000-07-22,-172.40909455346372
2000-07-23,-171.1559565736975
2000-07-24,-171.5229126775811
2000-07-25,-171.49005461924105
2000-07-26,-173.37947680998948
2000-07-27,-171.1224899871428
2000-07-28,-171.09835515178756
2000-07-29,-167.41472177151752
2000-07-30,-169.9421511114087
2000-07-31,-170.97039309838345
2000-08-01,-169.1727628104429
2000-08-02,-167.52064667721461
2000-08-03,-167.43483118632923
2000-08-04,-167.4266977539918
2000-08-05,-168.2232720989622
2000-08-06,-168.3285775904454
2000-08-07,-166.9180563219553
2000-08-08,-165.22903531723162
2000-08-09,-165.07750952400568
2000-08-10,-167.7764037890345
2000-08-11,-165.573159669687
2000-08-12,-164.95829438744383
2000-08-13,-166.43599720709713
2000-08-14,-165.1958274621227
2000-08-15,-163.6006821411568
2000-08-16,-164.22247189831492
2000-08-17,-163.04741522343474
2000-08-18,-162.92879649948026
2000-08-19,-163.57959458348287
2000-08-20,-163.71501648739283
2000-08-21,-162.67018882961005
2000-08-22,-163.1278495760257
2000-08-23,-161.9307012361754
2000-08-24,-159.71123499572042
2000-08-25,-160.17686615453732
2000-08-26,-160.56607993741127
2000-08-27,-158.76509740626113
2000-08-28,-159.45177032695608
2000-08-29,-160.03307793683805
2000-08-30,-156.00794040354202
2000-08-31,-157.4080102692956
2000-09-01,-157.36524793799265
2000-09-02,-158.8079350691286
2000-09-03,-157.45813026462133
2000-09-04,-156.92008756716933
2000-09-05,-156.2378998554675
2000-09-06,-156.1780437713849
2000-09-07,-154.31040281974504
2000-09-08,-153.38577544130854
2000-09-09,-155.32616237909113
2000-09-10,-153.05104780597765
2000-09-11,-154.2222863548915
2000-09-12,-152.06233324987048
2000-09-13,-152.9741512777766
2000-09-14,-150.5380593492826
2000-09-15,-152.7189215798065
2000-09-16,-152.44669465188258
2000-09-17,-150.5058975454415
2000-09-18,-149.89761990365267
2000-09-19,-149.95826393429843
2000-09-20,-149.6939556393254
2000-09-21,-148.85102816580263
2000-09-22,-146.66339280153176
2000-09-23,-147.9770355631177
2000-09-24,-146.50450706328635
2000-09-25,-147.00706781935216
2000-09-26,-146.54683865932387
2000-09-27,-144.17605574728682
2000-09-28,-144.42227875583893
2000-09-29,-144.2567235251814
2000-09-30,-141.97527510378265
2000-10-01,-144.7948454231377
2000-10-02,-143.39133310534584
2000-10-03,-142.97657324578776
2000-10-04,-141.55728821291885
2000-10-05,-141.60346548504077
2000-10-06,-138.41791754629273
2000-10-07,-142.84115737217073
2000-10-08,-138.85403946865472
2000-10-09,-140.8629954958432
2000-10-10,-138.52517900842847
2000-10-11,-138.26682425403763
2000-10-12,-139.087193382758
2000-10-13,-135.53700481094427
2000-10-14,-138.2137608215044
2000-10-15,-135.60963671138146
2000-10-16,-136.22771839371723
2000-10-17,-133.35032914548637
2000-10-18,-131.78066429296317
2000-10-19,-133.7548419756535
2000-10-20,-133.14601998214889
2000-10-21,-133.73147355968243
2000-10-22,-132.259443896523
2000-10-23,-131.00602177738443
2000-10-24,-129.8786967351818
2000-10-25,-130.72255519945233
2000-10-26,-129.0321466001932
2000-10-27,-127.39280291815808
2000-10-28,-127.78165425552267
2000-10-29,-128.01669644790843
2000-10-30,-127.21140856601109
2000-10-31,-127.09352875725364
2000-11-01,-125.21655153683407
2000-11-02,-124.18407614749935
2000-11-03,-124.46889297088052
2000-11-04,-121.2900289249555
2000-11-05,-123.27648307638339
2000-11-06,-123.52052857159624
2000-11-07,-121.58178962537566
2000-11-08,-121.24914704297045
2000-11-09,-118.44397013564821
2000-11-10,-120.9626350343593
2000-11-11,-119.48123816370223
2000-11-12,-118.41891620976652
2000-11-13,-117.73285146346707
2000-11-14,-118.60620607539984
2000-11-15,-116.42304806110238
2000-11-16,-116.19326699717831
2000-11-17,-115.20210590724119
2000-11-18,-115.61041247131278
2000-11-19,-113.75432054313372
2000-11-20,-114.83824935106838
2000-11-21,-113.69665403213091
2000-11-22,-111.80136306250165
2000-11-23,-111.86713406805106
2000-11-24,-110.99964576111387
2000-11-25,-110.2956972320256
2000-11-26,-111.11754978357541
2000-11-27,-109.56571164933884
2000-11-28,-107.12797734629699
2000-11-29,-107.57109616768466
2000-11-30,-106.1875223831199
2000-12-01,-105.21394198735943
2000-12-02,-106.26426919385321
2000-12-03,-105.21293754068806
2000-12-04,-102.9958694689839
2000-12-05,-103.99543651048113
2000-12-06,-101.53239516194905
2000-12-07,-100.85330795510399
2000-12-08,-101.94753912422134
2000-12-09,-101.53928071414602
2000-12-10,-102.72764073226587
2000-12-11,-100.86673878832289
2000-12-12,-97.63961750587038
2000-12-13,-99.08157820968519
2000-12-14,-96.47352473705553
2000-12-15,-95.22171107590809
2000-12-16,-94.37121705409781
2000-12-17,-96.10415535380376
2000-12-18,-94.06124257239979
2000-12-19,-94.33186840923766
2000-12-20,-92.77688206101115
2000-12-21,-92.58504086150018
2000-12-22,-90.08891936410036
2000-12-23,-91.29971090942661
2000-12-24,-89.39316002417809
2000-12-25,-89.29617462366139
2000-12-26,-87.74835753836955
2000-12-27,-87.0290972945002
2000-12-28,-85.7536930416625
2000-12-29,-89.2087143303276
2000-12-30,-85.77703068065878
2000-12-31,-87.01274555297566
2001-01-01,-83.08297488245489
2001-01-02,-84.94130108846763
2001-01-03,-83.00103013888052
2001-01-04,-81.57012191963913
2001-01-05,-83.43709158894896
2001-01-06,-79.97632468496195
2001-01-07,-80.39531637641498
2001-01-08,-76.99259733728631
2001-01-09,-77.94187384174293
2001-01-10,-77.67489337950299
2001-01-11,-75.85452767749602
2001-01-12,-77.33421187907028
2001-01-13,-74.79637127752477
2001-01-14,-76.08970194902416
2001-01-15,-73.55922763500347
2001-01-16,-73.054127416006
2001-01-17,-72.1671464279083
2001-01-18,-70.78455194335065
2001-01-19,-69.1645151826165
2001-01-20,-69.56418976746652
2001-01-21,-67.52167830354901
2001-01-22,-68.94790754247629
2001-01-23,-67.09027768595084
2001-01-24,-67.61141868193911
2001-01-25,-65.15245039828947
2001-01-26,-64.9670038256862
2001-01-27,-66.31803812374207
2001-01-28,-63.044851551985765
2001-01-29,-62.83737495759609
2001-01-30,-62.63632763267192
2001-01-31,-60.10828675017573
2001-02-01,-60.03493854897619
2001-02-02,-59.68508256869287
2001-02-03,-58.25445222867104
2001-02-04,-58.638546805253014
2001-02-05,-57.26903678455134
2001-02-06,-55.42398508399581
2001-02-07,-55.57998798604003
2001-02-08,-54.14799277448601
2001-02-09,-54.74828270641743
2001-02-10,-53.2330403407227
2001-02-11,-53.21297820918803
2001-02-12,-51.00920382521222
2001-02-13,-53.90022281813624
2001-02-14,-49.404216994506676
2001-02-15,-49.49864376094229
2001-02-16,-49.30906333457446
2001-02-17,-47.46437486601063
2001-02-18,-46.4196513400192
2001-02-19,-47.115443263802945
2001-02-20,-46.28720466991268
2001-02-21,-46.56772265118144
2001-02-22,-45.18832887601444
2001-02-23,-42.218052400971196
2001-02-24,-42.27880753407755
2001-02-25,-42.0394853734617
2001-02-26,-41.21544804296466
2001-02-27,-39.67165064011113
2001-02-28,-38.911050058848865
2001-03-01,-38.55362656226839
2001-03-02,-38.093486044346456
2001-03-03,-36.72796761716554
2001-03-04,-37.261182224990485
2001-03-05,-36.96507118127481
2001-03-06,-32.27989862604456
2001-03-07,-33.27767973306478
2001-03-08,-33.2195078289846
2001-03-09,-33.237865167707675
2001-03-10,-31.05382012672525
2001-03-11,-31.455674278515207
2001-03-12,-30.116369760226014
2001-03-13,-28.95494370255736
2001-03-14,-29.23733762350107
2001-03-15,-26.31726985655614
2001-03-16,-25.236641147880988
2001-03-17,-25.13769083593238
2001-03-18,-21.714363849199184
2001-03-19,-24.662823774920117
2001-03-20,-21.966334921430303
2001-03-21,-21.48870564793358
2001-03-22,-21.00510759196722
2001-03-23,-19.901097828902156
2001-03-24,-20.061791636799345
2001-03-25,-19.092983697913148
2001-03-26,-19.446477573930228
2001-03-27,-16.7693927326954
2001-03-28,-18.38185443918518
2001-03-29,-16.1115712035254
2001-03-30,-14.170876280255104
2001-03-31,-13.303652458488529
2001-04-01,-14.051361770079078
2001-04-02,-12.340400292753515
2001-04-03,-13.348257820944397
2001-04-04,-9.792602534627813
2001-04-05,-10.957764221709605
2001-04-06,-8.684572022360257
2001-04-07,-8.774175224676831
2001-04-08,-7.429026873893389
2001-04-09,-6.635667203228111
2001-04-10,-6.956296033462711
2001-04-11,-6.259697603037948
2001-04-12,-6.177963773664079
2001-04-13,-5.815196517330127
2001-04-14,-4.625320376977439
2001-04-15,-1.0593526470147498
2001-04-16,-0.23851493163537474
2001-04-17,-1.1621002933848343
2001-04-18,1.1173382260692932
2001-04-19,1.5363318632048208
2001-04-20,2.2262608171812523
2001-04-21,2.5841715249107784
2001-04-22,1.9356097595202324
2001-04-23,5.840160138466216
2001-04-24,6.702471377350122
2001-04-25,6.246275587754635
2001-04-26,6.447453814294369
2001-04-27,6.877626246496633
2001-04-28,9.16992316162199
2001-04-29,9.636109020944891
2001-04-30,11.222845117377913
2001-05-01,11.60503162091413
2001-05-02,10.477460773988458
2001-05-03,12.809523140806634
2001-05-04,14.527055105205074
2001-05-05,12.797389113278737
2001-05-06,16.414527661253743
2001-05-07,14.889358141359075
2001-05-08,15.30097052885623
2001-05-09,16.883191126750788
2001-05-10,17.797283334748602
2001-05-11,20.287611090706687
2001-05-12,19.903066732674475
2001-05-13,20.473154402678947
2001-05-14,20.84807541482356
2001-05-15,21.436402233730625
2001-05-16,22.921079962685564
2001-05-17,23.67116771959893
2001-05-18,24.149321157851222
2001-05-19,24.099713793764487
2001-05-20,24.2474799598565
2001-05-21,28.060929467849668
2001-05-22,28.113867540882804
2001-05-23,28.16534867279976
2001-05-24,28.88437322443531
2001-05-25,29.827673958796584
2001-05-26,29.437060576689166
2001-05-27,31.152318874473167
2001-05-28,31.175748072155795
2001-05-29,32.90184245859478
2001-05-30,33.006023915977366
2001-05-31,34.445026601129236
2001-06-01,37.53822118422625
2001-06-02,34.44250967833808
2001-06-03,35.6554444765318
2001-06-04,38.338854499875886
2001-06-05,37.783720541022745
2001-06-06,38.808001344814244
2001-06-07,37.29992558913567
2001-06-08,39.434770185892674
2001-06-09,40.8671754513014
2001-06-10,41.25622426981411
2001-06-11,42.70635358604449
2001-06-12,43.00300092280072
2001-06-13,43.729271051821385
2001-06-14,45.13625285429889
2001-06-15,46.536961284115684
2001-06-16,47.11158661652522
2001-06-17,47.54893524309696
2001-06-18,48.75512605898131
2001-06-19,48.693666015319465
2001-06-20,50.20779981588949
2001-06-21,50.81543441033617
2001-06-22,50.59885135333713
2001-06-23,50.913819208870144
2001-06-24,53.34487125430187
2001-06-25,53.30135068994695
2001-06-26,54.65574992534837
2001-06-27,54.33432425995522
2001-06-28,56.21333101870915
2001-06-29,57.345659285146965
2001-06-30,59.157167656812234
2001-07-01,57.43388828737374
2001-07-02,58.65275722689505
2001-07-03,60.56144052995284
2001-07-04,60.22576373409679
2001-07-05,59.09730511107536
2001-07-06,63.250599674628155
2001-07-07,61.401560626347134
2001-07-08,64.01014359565546
2001-07-09,65.48512598549632
2001-07-10,64.21659242851759
2001-07-11,65.86094067387796
2001-07-12,65.22427490187644
2001-07-13,68.72262202456537
2001-07-14,67.86832868579538
2001-07-15,68.50786327085906
2001-07-16,68.36439583957531
2001-07-17,69.91644848957304
2001-07-18,72.34562423379685
2001-07-19,71.9929095809399
2001-07-20,73.60682173695155
2001-07-21,70.27544823999315
2001-07-22,73.44829745425342
2001-07-23,71.72027598962339
2001-07-24,74.235471133507
2001-07-25,75.98026941656887
2001-07-26,76.70717746694955
2001-07-27,74.09284957860707
2001-07-28,76.98347871728424
2001-07-29,77.78636383785664
2001-07-30,76.37113429519948
2001-07-31,78.0068068603264
2001-08-01,78.84147836504762
2001-08-02,80.13843017439183
2001-08-03,83.97404381632245
2001-08-04,80.858695009185
2001-08-05,84.18189326415676
2001-08-06,83.24159221091685
2001-08-07,82.94673355315038
2001-08-08,86.88616712940023
2001-08-09,85.61913113162323
2001-08-10,86.71012278281101
2001-08-11,86.45255156094883
2001-08-12,86.84518073388595
2001-08-13,88.35095049127267
2001-08-14,89.08177128160695
2001-08-15,90.79387244665065
2001-08-16,88.56665721894197
2001-08-17,89.97595792904933
2001-08-18,90.50245826415524
2001-08-19,90.47899645497128
2001-08-20,90.6804807038839
2001-08-21,92.00928548017178
2001-08-22,94.6450155908542
2001-08-23,94.63761868696898
2001-08-24,94.99215143086104
2001-08-25,96.61294163204744
2001-08-26,95.41496634279537
2001-08-27,95.67618831843689
2001-08-28,97.83388013245784
2001-08-29,97.68659645529615
2001-08-30,97.80831215275408
2001-08-31,99.36562792633282
2001-09-01,99.98886120168291
2001-09-02,100.48656813712506
2001-09-03,101.34508082838671
2001-09-04,104.00545580718355
2001-09-05,102.76209775941264
2001-09-06,102.71831727655312
2001-09-07,101.5842761361651
2001-09-08,103.95042416838866
2001-09-09,104.67524149430272
2001-09-10,106.67698642988888
2001-09-11,107.36290559295675
2001-09-12,103.80056598389751
2001-09-13,108.09934020469723
2001-09-14,106.23901861091805
2001-09-15,107.24823484840472
2001-09-16,107.32198282978959
2001-09-17,110.38572503908117
2001-09-18,109.33237098513742
2001-09-19,110.95675091124127
2001-09-20,110.9032288742735
2001-09-21,112.17190703238458
2001-09-22,111.46133380892239
2001-09-23,113.10758481321093
2001-09-24,113.45759372123275
2001-09-25,112.17099686824471
2001-09-26,113.45388482472116
2001-09-27,115.11430470051837
2001-09-28,115.65367482774656
2001-09-29,115.43801037003348
2001-09-30,115.66908571564798
2001-10-01,116.66786895235607
2001-10-02,116.03621624233328
2001-10-03,117.34198222915762
2001-10-04,118.4088679189632
2001-10-05,118.96306252108938
2001-10-06,117.65082473143794
2001-10-07,118.73242322721268
2001-10-08,121.93487342572377
2001-10-09,122.39200450841722
2001-10-10,119.73943565438447
2001-10-11,122.28044932360943
2001-10-12,121.21450578435936
2001-10-13,124.02206070805815
2001-10-14,123.85398745989616
2001-10-15,124.03063389005588
2001-10-16,125.3282547989777
2001-10-17,125.67757126341371
2001-10-18,124.80815981098696
2001-10-19,126.73621537227825
2001-10-20,126.61675012526534
2001-10-21,126.63054975749357
2001-10-22,127.19963107030819
2001-10-23,128.48427639474943
2001-10-24,129.3195739807198
2001-10-25,129.28812644569763
2001-10-26,128.49406772125008
2001-10-27,131.31387359672266
2001-10-28,130.95811418461764
2001-10-29,130.7777024907914
2001-10-30,131.67733029355455
2001-10-31,131.1340530896957
2001-11-01,131.74273609972482
2001-11-02,132.61545861405023
2001-11-03,130.49025112617562
2001-11-04,133.16996918615732
2001-11-05,134.8556610288113
2001-11-06,135.02878708672083
2001-11-07,133.23602732753025
2001-11-08,135.77537334815952
2001-11-09,134.57693395702944
2001-11-10,135.3895194594977
2001-11-11,135.83810001868332
2001-11-12,137.04835035758543
2001-11-13,134.98450925186154
2001-11-14,136.59924513863152
2001-11-15,138.1717665122503
2001-11-16,138.50722408308826
2001-11-17,138.66121257823872
2001-11-18,138.32844592684688
2001-11-19,138.9842064183124
2001-11-20,141.71220786719834
2001-11-21,140.6968586767679
2001-11-22,140.54143597896402
2001-11-23,141.6723895912322
2001-11-24,141.00921264483753
2001-11-25,140.62974050495515
2001-11-26,141.6770811158248
2001-11-27,143.4239221630339
2001-11-28,142.20219359695162
2001-11-29,144.87055341002704
2001-11-30,142.56007585423995
2001-12-01,145.44186572914793
2001-12-02,144.52336453258692
2001-12-03,144.57519057629446
2001-12-04,143.9874867754312
2001-12-05,146.7984595059386
2001-12-06,146.12674724238676
2001-12-07,145.80945861951892
2001-12-08,145.61460991610824
2001-12-09,146.849567134285
2001-12-10,145.70487661436354
2001-12-11,146.70284344354144
2001-12-12,147.13272622827432
2001-12-13,146.5560021175758
2001-12-14,149.1132926685559
2001-12-15,147.22844581916763
2001-12-16,148.99274062127466
2001-12-17,148.57382063834635
2001-12-18,149.3650177854299
2001-12-19,149.93642416078657
2001-12-20,152.2281041316411
2001-12-21,151.36083783105389
2001-12-22,150.73627912208113
2001-12-23,151.70702146203
2001-12-24,151.00833527246118
2001-12-25,150.96659114514716
2001-12-26,149.74204844099555
2001-12-27,152.43383208025656
2001-12-28,152.38723448266927
2001-12-29,152.61173210075555
2001-12-30,153.62936418025166
2001-12-31,153.17612472076283
2002-01-01,152.11260920100335
2002-01-02,152.44462129025314
2002-01-03,152.71063760082103
2002-01-04,153.20662261200172
2002-01-05,154.03124735399948
2002-01-06,154.45057944774118
2002-01-07,154.08607079873568
2002-01-08,154.52549243527488
2002-01-09,153.07423097697946
2002-01-10,155.03951322803132
2002-01-11,154.11500114347675
2002-01-12,155.71798476548094
2002-01-13,154.43939167715635
2002-01-14,155.04732974876475
2002-01-15,157.1188643304375
2002-01-16,157.23585229491613
2002-01-17,156.93856191274375
2002-01-18,156.37874683288754
2002-01-19,156.35544675893422
2002-01-20,156.2648248786584
2002-01-21,155.950893675906
2002-01-22,156.51011385678623
2002-01-23,158.14030908957028
2002-01-24,156.15152340172386
2002-01-25,158.07895562751034
2002-01-26,158.21163140901783
2002-01-27,157.65146907268993
2002-01-28,157.49495267205964
2002-01-29,157.77995598545832
2002-01-30,158.01794418141262
2002-01-31,157.34460715245004
2002-02-01,159.7764337682135
2002-02-02,158.13167833904376
2002-02-03,158.44621277560893
2002-02-04,159.5430283140996
2002-02-05,159.85856344106324
2002-02-06,158.98793200772133
2002-02-07,161.03764502239164
2002-02-08,159.0016848115123
2002-02-09,159.05934513949828
2002-02-10,161.63402265030166
2002-02-11,159.70190628499935
2002-02-12,160.45188101434007
2002-02-13,159.8487943929052
2002-02-14,161.87361768877028
2002-02-15,160.33756760997645
2002-02-16,160.71241500894757
2002-02-17,160.71709061369893
2002-02-18,160.5168691774769
2002-02-19,159.40298589407678
2002-02-20,162.49635920661953
2002-02-21,162.20590117969604
2002-02-22,160.50531300595046
2002-02-23,162.75480095967947
2002-02-24,159.4583399350289
2002-02-25,161.20596868102416
2002-02-26,162.26070228445195
2002-02-27,160.7970479813572
2002-02-28,162.25622937560968
2002-03-01,161.3484148081878
2002-03-02,161.04458506264237
2002-03-03,161.4222577384126
2002-03-04,160.29848906191694
2002-03-05,159.92690435670673
2002-03-06,161.26037692240638
2002-03-07,161.04598578397608
2002-03-08,161.03250789316303
2002-03-09,162.0411836042965
2002-03-10,160.88503083291744
2002-03-11,161.02418659596742
2002-03-12,160.95055402518875
2002-03-13,161.76822465996344
2002-03-14,161.56655082625304
2002-03-15,161.32200743225843
2002-03-16,161.9540425372628
2002-03-17,161.19526715889089
2002-03-18,162.5797141762219
2002-03-19,160.4220606082935
2002-03-20,160.49883873187696
2002-03-21,161.2959155988787
2002-03-22,160.5215894386985
2002-03-23,162.21351946942403
2002-03-24,162.35603206734325
2002-03-25,160.2551760972224
2002-03-26,161.15613567845935
2002-03-27,162.38474045896075
2002-03-28,157.66804650359583
2002-03-29,161.34685950906595
2002-03-30,161.87699641714906
2002-03-31,160.01877995883262
2002-04-01,159.67358301205425
2002-04-02,160.21716322467597
2002-04-03,159.89256664048693
2002-04-04,160.15354747008044
2002-04-05,160.7623317245811
2002-04-06,160.5164001406178
2002-04-07,160.83470021704647
2002-04-08,160.06271198147414
2002-04-09,160.19813149510006
2002-04-10,159.90906892243086
2002-04-11,159.55453873269647
2002-04-12,159.7221094793928
2002-04-13,161.85621552138002
2002-04-14,161.4564899142324
2002-04-15,160.13265537278699
2002-04-16,159.33710149404948
2002-04-17,158.91141349462353
2002-04-18,159.92043407799886
2002-04-19,159.81043864457635
2002-04-20,158.51341287029254
2002-04-21,158.56754976487713
2002-04-22,159.219032777209
2002-04-23,159.23940226937964
2002-04-24,159.11318192056785
2002-04-25,158.2648425269998
2002-04-26,157.9644556219764
2002-04-27,156.5711795057407
2002-04-28,158.8674900312837
2002-04-29,156.7347667831955
2002-04-30,157.8636217603955
2002-05-01,158.00609509185074
2002-05-02,158.26179486730783
2002-05-03,157.6526946798623
2002-05-04,157.79209081275928
2002-05-05,157.89284169153308
2002-05-06,158.25940593616465
2002-05-07,155.666377849072
2002-05-08,155.08008236968004
2002-05-09,156.11229860152687
2002-05-10,154.72648368554195
2002-05-11,155.4250374298854
2002-05-12,156.46760100748156
2002-05-13,155.44378206736238
2002-05-14,154.15722491628333
2002-05-15,157.13273738000433
2002-05-16,153.85110294961336
2002-05-17,154.36360735543212
2002-05-18,155.63180080623906
2002-05-19,153.17924670321727
2002-05-20,155.66908140541656
2002-05-21,153.70374170588536
2002-05-22,153.4053280854802
2002-05-23,153.0787270864395
2002-05-24,152.2063255991655
2002-05-25,154.09026800371765
2002-05-26,151.69273638112512
2002-05-27,154.1613418280206
2002-05-28,151.57453339484826
2002-05-29,151.2520858526991
2002-05-30,150.28227107540403
2002-05-31,150.51309295769718
2002-06-01,150.13040636604416
2002-06-02,151.99853093099833
2002-06-03,149.01262095085815
2002-06-04,151.44010016125236
2002-06-05,148.70781926085664
2002-06-06,148.45080124881204
2002-06-07,149.31173857998562
2002-06-08,150.7448187167543
2002-06-09,148.40424484023873
2002-06-10,149.25573987007047
2002-06-11,147.34462418898212
2002-06-12,147.25932397545586
2002-06-13,147.92176472126886
2002-06-14,148.7526293140885
2002-06-15,147.9430077990785
2002-06-16,146.5978691620868
2002-06-17,148.28106972750558
2002-06-18,146.7224003183331
2002-06-19,146.00348357366036
2002-06-20,147.08257052218968
2002-06-21,146.29099169497584
2002-06-22,144.21339233148683
2002-06-23,143.14101578065316
2002-06-24,144.34772781807115
2002-06-25,142.9553596249263
2002-06-26,143.99307183265424
2002-06-27,144.28721896376516
2002-06-28,141.31403535556308
2002-06-29,144.61670665170632
2002-06-30,143.46304269634095
2002-07-01,143.0314837864119
2002-07-02,139.98745678572942
2002-07-03,141.25821731294184
2002-07-04,141.42759523858024
2002-07-05,138.92263917696923
2002-07-06,142.18372855554477
2002-07-07,139.20804882043913
2002-07-08,140.11146361526482
2002-07-09,140.51454999373163
2002-07-10,137.92345565086737
2002-07-11,137.1309816602553
2002-07-12,139.8607006753521
2002-07-13,138.66902480239287
2002-07-14,139.01561537156886
2002-07-15,138.139866469149
2002-07-16,136.1236786367948
2002-07-17,136.68413856022894
2002-07-18,136.06137031363167
2002-07-19,136.2489310131724
2002-07-20,135.553791450659
2002-07-21,135.17372399159962
2002-07-22,133.2107503754964
2002-07-23,133.6985585496412
2002-07-24,134.84688794752174
2002-07-25,132.98027460302796
2002-07-26,133.2384252571245
2002-07-27,131.78904091743917
2002-07-28,131.5399536755387
2002-07-29,131.6830607873262
2002-07-30,130.5394532464206
2002-07-31,132.29702975710356
2002-08-01,132.8336929621048
2002-08-02,132.65417484043232
2002-08-03,128.83992329853098
2002-08-04,129.46611163419678
2002-08-05,130.81683783419086
2002-08-06,128.60844827080354
2002-08-07,129.1233905743836
2002-08-08,127.14507980043463
2002-08-09,128.9792957362543
2002-08-10,128.36947413986994
2002-08-11,126.89970155586059
2002-08-12,125.50419924891837
2002-08-13,127.21653305075866
2002-08-14,125.78682977545967
2002-08-15,125.5987477625458
2002-08-16,124.70084081549554
2002-08-17,123.8727949654754
2002-08-18,123.61111761480859
2002-08-19,123.04241869135541
2002-08-20,122.52937336786208
2002-08-21,123.16375647048088
2002-08-22,121.10033468901541
2002-08-23,121.93206561349622
2002-08-24,121.93111218692687
2002-08-25,119.49346701421284
2002-08-26,119.13740913816153
2002-08-27,120.13381904607321
2002-08-28,119.7961512822051
2002-08-29,118.77466697498033
2002-08-30,117.72526955070353
2002-08-31,117.01418732015134
2002-09-01,116.9814347050044
2002-09-02,116.25794784137868
2002-09-03,116.18693139274305
2002-09-04,116.85646609836292
2002-09-05,116.28105001961008
2002-09-06,114.95997442667033
2002-09-07,113.31493212158246
2002-09-08,113.8953892805273
2002-09-09,114.41577979530332
2002-09-10,111.89243984790123
2002-09-11,111.62734752936133
2002-09-12,112.05110384283779
2002-09-13,110.33275612754821
2002-09-14,110.67255655645558
2002-09-15,111.12109940353145
2002-09-16,109.32905784030744
2002-09-17,109.55999786184421
2002-09-18,111.0505709641482
2002-09-19,109.44514499982702
2002-09-20,107.70384403491944
2002-09-21,108.3640301470426
2002-09-22,108.13016827445449
2002-09-23,107.49210953487554
2002-09-24,105.15553349280245
2002-09-25,105.46536462133571
2002-09-26,104.95882859756664
2002-09-27,104.3493958191359
2002-09-28,105.05842581331906
2002-09-29,102.38819445240529
2002-09-30,101.67724818065
2002-10-01,102.23789109268206
2002-10-02,99.40690723493675
2002-10-03,100.77275936825188
2002-10-04,101.8950242131915
2002-10-05,99.48550489447031
2002-10-06,98.15075413773108
2002-10-07,98.96533471070288
2002-10-08,99.63702677696276
2002-10-09,98.05204967460145
2002-10-10,99.06413623158396
2002-10-11,97.01126931432577
2002-10-12,96.5068421064591
2002-10-13,94.7100383844783
2002-10-14,96.04784939934513
2002-10-15,94.42777394303809
2002-10-16,94.13058942946745
2002-10-17,93.51750578623128
2002-10-18,92.42407154242514
2002-10-19,92.52608988385307
2002-10-20,91.68697512530747
2002-10-21,91.78650527020227
2002-10-22,92.22006283624656
2002-10-23,88.43767508243255
2002-10-24,90.32303337753984
2002-10-25,91.16702990316517
2002-10-26,90.76335743364525
2002-10-27,88.69599439996762
2002-10-28,84.99272384531065
2002-10-29,86.03680675712475
2002-10-30,85.02568742990636
2002-10-31,86.08432010709127
2002-11-01,85.69278140578253
2002-11-02,85.80562736535539
2002-11-03,86.09666226393054
2002-11-04,83.6997333702187
2002-11-05,82.30835854257742
2002-11-06,83.83192490098725
2002-11-07,82.03326203493135
2002-11-08,82.30491255850282
2002-11-09,84.12934441282998
2002-11-10,79.57610301901197
2002-11-11,79.59213683063767
2002-11-12,79.18594202420674
2002-11-13,77.98050915968165
2002-11-14,76.67598561153744
2002-11-15,75.26916485051139
2002-11-16,77.00545592573819
2002-11-17,77.42430462235073
2002-11-18,76.6716416732356
2002-11-19,74.28537625821984
2002-11-20,73.3508676016595
2002-11-21,72.83298713381642
2002-11-22,72.79587858567449
2002-11-23,72.12778986798688
2002-11-24,72.60736074275214
2002-11-25,71.97984420172682
2002-11-26,71.62913998950864
2002-11-27,70.34170714121807
2002-11-28,69.05597939443614
2002-11-29,67.83021570765139
2002-11-30,67.37480412481902
2002-12-01,69.35121627001435
2002-12-02,67.27598209887942
2002-12-03,67.5754079128263
2002-12-04,66.73306496930587
2002-12-05,66.66452346437431
2002-12-06,63.895617626048285
2002-12-07,65.71982518820683
2002-12-08,61.694102778933335
2002-12-09,64.4246127971327
2002-12-10,62.80480165035934
2002-12-11,62.24704691874778
2002-12-12,61.64581778741327
2002-12-13,60.67289139385778
2002-12-14,59.67426657929455
2002-12-15,60.366637736435734
2002-12-16,57.89726234953185
2002-12-17,58.236522689018784
2002-12-18,58.00379015314424
2002-12-19,55.73582326919369
2002-12-20,58.174200672485725
2002-12-21,55.7956592994777
2002-12-22,55.021336322122686
2002-12-23,54.53802678316058
2002-12-24,53.94399851751776
2002-12-25,55.563860078099026
2002-12-26,53.16616572195399
2002-12-27,50.41808113477251
2002-12-28,51.09174273906776
2002-12-29,51.005663418011615
2002-12-30,51.6057895010362
2002-12-31,49.78408689247927
2003-01-01,48.185923322436274
2003-01-02,48.175153135710914
2003-01-03,48.00071763828075
2003-01-04,46.59451735278236
2003-01-05,47.30107392864047
2003-01-06,45.48201461235082
2003-01-07,47.12264119683354
2003-01-08,46.47802290622506
2003-01-09,43.87722052486051
2003-01-10,43.708868997332985
2003-01-11,43.86444798716498
2003-01-12,42.610972971229884
2003-01-13,41.926211486715445
2003-01-14,41.26464748967636
2003-01-15,41.054150642997136
2003-01-16,42.01224298234976
2003-01-17,40.01231758860012
2003-01-18,39.42520025336979
2003-01-19,39.08491548478097
2003-01-20,37.99325080848693
2003-01-21,37.81674910994892
2003-01-22,34.753572168302526
2003-01-23,36.35296476911362
2003-01-24,34.88117637819907
2003-01-25,33.366391611767405
2003-01-26,31.327152095594077
2003-01-27,33.48604643706453
2003-01-28,33.17207411022573
2003-01-29,32.0828354149417
2003-01-30,31.94646923623051
2003-01-31,31.149213497741393
2003-02-01,29.65384239813274
2003-02-02,30.811446515135493
2003-02-03,29.992888885886252
2003-02-04,30.514072290230658
2003-02-05,29.637680570526875
2003-02-06,27.999932433105734
2003-02-07,30.317498964899226
2003-02-08,27.902879786989974
2003-02-09,26.404806970656146
2003-02-10,27.099308251847457
2003-02-11,24.87519250643338
2003-02-12,24.02724857847736
2003-02-13,22.712492026962764
2003-02-14,23.515030274685053
2003-02-15,24.332650843544155
2003-02-16,21.280910311824854
2003-02-17,20.01284040394419
2003-02-18,22.078830291763794
2003-02-19,20.478472760627128
2003-02-20,20.155433432733222
2003-02-21,19.01400643154015
2003-02-22,19.934642305027992
2003-02-23,17.742450374679944
2003-02-24,17.635760827788
2003-02-25,15.965939296148921
2003-02-26,16.151853979721317
2003-02-27,17.49436690692653
2003-02-28,14.537010300131953
2003-03-01,14.003804338315133
2003-03-02,15.196568138215776
2003-03-03,13.592042551060686
2003-03-04,11.93441410668085
2003-03-05,11.4046420776134
2003-03-06,12.803752424454924
2003-03-07,13.890692524401015
2003-03-08,10.877857711270087
2003-03-09,8.731985121374535
2003-03-10,8.782680178885109
2003-03-11,8.350753026764021
2003-03-12,7.73747218304788
2003-03-13,6.946120713871078
2003-03-14,6.506614297103827
2003-03-15,4.630894398125399
2003-03-16,5.631653813729031
2003-03-17,6.40066618382088
2003-03-18,3.2803442020904705
2003-03-19,2.6790996226823234
2003-03-20,3.998971111433071
2003-03-21,2.1629972874539245
2003-03-22,1.3251011806266728
2003-03-23,1.0527651295654195
2003-03-24,0.3354297194601269
2003-03-25,0.611222961807905
2003-03-26,0.2666900575669311
2003-03-27,-0.9664246777335768
2003-03-28,-2.042754519132975
2003-03-29,-2.0570821211689063
2003-03-30,-2.8974310079551833
2003-03-31,-3.787880005065055
2003-04-01,-1.355486917652199
2003-04-02,-3.7946777692854035
2003-04-03,-3.6706090241007154
2003-04-04,-5.335618752931077
2003-04-05,-5.5518118795098665
2003-04-06,-6.968147951359927
2003-04-07,-9.09629811063754
2003-04-08,-8.693981289377662
2003-04-09,-9.206553889783203
2003-04-10,-8.966248326841137
2003-04-11,-10.299749584411767
2003-04-12,-9.362519349504648
2003-04-13,-12.283557761139535
2003-04-14,-9.7323740965518
2003-04-15,-13.482804164260626
2003-04-16,-14.994954831079536
2003-04-17,-12.37920440143418
2003-04-18,-14.24717016349129
2003-04-19,-13.907772369889077
2003-04-20,-16.147384376894472
2003-04-21,-12.284710917942673
2003-04-22,-14.602667760935411
2003-04-23,-16.391174465381056
2003-04-24,-18.071047012987933
2003-04-25,-18.048752947489316
2003-04-26,-18.761063836329704
2003-04-27,-18.859494681156477
2003-04-28,-19.525246428016704
2003-04-29,-17.79247757380104
2003-04-30,-20.28694075831142
2003-05-01,-22.007923164333572
2003-05-02,-20.85333254158594
2003-05-03,-19.97346425718479
2003-05-04,-21.54057694739511
2003-05-05,-21.568199606600363
2003-05-06,-20.239911751033482
2003-05-07,-23.039104426302345
2003-05-08,-24.505790124608197
2003-05-09,-22.286190930964313
2003-05-10,-24.895605065425887
2003-05-11,-25.10631992316495
2003-05-12,-28.322729844522733
2003-05-13,-28.069439774890505
2003-05-14,-27.918840163978064
2003-05-15,-28.147266790878312
2003-05-16,-28.4154968346911
2003-05-17,-29.385860320762507
2003-05-18,-28.890810117933896
2003-05-19,-30.391442234829597
2003-05-20,-30.01743988741748
2003-05-21,-30.941545460135828
2003-05-22,-30.990369444079494
2003-05-23,-32.71649664784881
2003-05-24,-32.96760772440154
2003-05-25,-33.1779598239365
2003-05-26,-35.81936698804867
2003-05-27,-33.9264990765031
2003-05-28,-33.32350008962493
2003-05-29,-34.323638026508505
2003-05-30,-34.38295215546147
2003-05-31,-35.015542140414695
2003-06-01,-35.88583240011088
2003-06-02,-37.60241646345436
2003-06-03,-37.58891729125751
2003-06-04,-38.07425230107446
2003-06-05,-39.26518324652652
2003-06-06,-37.38322443858826
2003-06-07,-40.62911053242676
2003-06-08,-40.31847308882615
2003-06-09,-41.24833634274227
2003-06-10,-40.463034675483364
2003-06-11,-41.86408268816321
2003-06-12,-43.13345268460612
2003-06-13,-42.81508291539582
2003-06-14,-42.28027126942809
2003-06-15,-41.7698627453569
2003-06-16,-43.82437355832599
2003-06-17,-44.59553959711435
2003-06-18,-44.288252451517295
2003-06-19,-43.397672909328485
2003-06-20,-46.69574123755276
2003-06-21,-46.0967696498641
2003-06-22,-45.549483787801705
2003-06-23,-47.55928194294487
2003-06-24,-46.36550728526195
2003-06-25,-48.24710299872848
2003-06-26,-49.08407734507793
2003-06-27,-49.17436260934768
2003-06-28,-48.43164000594963
2003-06-29,-48.91434486851633
2003-06-30,-50.032609207379345
2003-07-01,-52.319504553965565
2003-07-02,-52.16281293095091
2003-07-03,-53.32355617179877
2003-07-04,-51.25033694964282
2003-07-05,-53.612585231329376
2003-07-06,-54.99752218316497
2003-07-07,-54.108923572995366
2003-07-08,-53.40890894713816
2003-07-09,-54.17589695649618
2003-07-10,-53.573467625732285
2003-07-11,-55.23314758614153
2003-07-12,-55.11648461201875
2003-07-13,-56.060488465076055
2003-07-14,-55.328305083354536
2003-07-15,-57.49852202332824
2003-07-16,-58.68413420071695
2003-07-17,-59.10432127494689
2003-07-18,-57.87482863118427
2003-07-19,-59.095841672242535
2003-07-20,-57.68792646352161
2003-07-21,-58.35791319930485
2003-07-22,-61.15425967968556
2003-07-23,-60.210086914344885
2003-07-24,-60.461873805651614
2003-07-25,-60.775709855018604
2003-07-26,-62.230972357975105
2003-07-27,-61.32288712102697
2003-07-28,-61.547245263738006
2003-07-29,-63.60216116470745
2003-07-30,-60.96823546380764
2003-07-31,-61.5272167405874
2003-08-01,-62.52342471293837
2003-08-02,-64.64342121312906
2003-08-03,-65.57766191873849
2003-08-04,-60.95641936617962
2003-08-05,-64.4973507803587
2003-08-06,-64.20651861019651
2003-08-07,-64.76859139006834
2003-08-08,-64.40840009063507
2003-08-09,-65.68487254245137
2003-08-10,-67.18658465171724
2003-08-11,-66.79746518145154
2003-08-12,-67.50055504458878
2003-08-13,-66.8185465983365
2003-08-14,-68.99188109655269
2003-08-15,-69.46005659305003
2003-08-16,-71.19292953356067
2003-08-17,-67.89031147169906
2003-08-18,-69.62163283642488
2003-08-19,-71.58560555751318
2003-08-20,-69.15865458075668
2003-08-21,-70.07400028404717
2003-08-22,-71.11619555982485
2003-08-23,-70.55372798912298
2003-08-24,-73.3933291388124
2003-08-25,-73.24126850507963
2003-08-26,-72.27650071686581
2003-08-27,-73.73124965776971
2003-08-28,-72.1705037857263
2003-08-29,-72.20164779384837
2003-08-30,-73.98752484450844
2003-08-31,-74.52653048692936
2003-09-01,-75.472948221863
2003-09-02,-75.96691801007958
2003-09-03,-76.1726072416869
2003-09-04,-76.39251967573446
2003-09-05,-76.05697451407995
2003-09-06,-77.00144101957521
2003-09-07,-76.5820218371734
2003-09-08,-77.59218626207024
2003-09-09,-78.11847195287018
2003-09-10,-77.3741010805594
2003-09-11,-77.34227357616402
2003-09-12,-78.71962481987863
2003-09-13,-78.45686605260539
2003-09-14,-77.25685806046133
2003-09-15,-79.40560610634819
2003-09-16,-81.63024196693738
2003-09-17,-79.48118883826119
2003-09-18,-79.38816006671013
2003-09-19,-81.5721835665276
2003-09-20,-80.42730858644666
2003-09-21,-82.50425335352234
2003-09-22,-82.74625142536422
2003-09-23,-81.93268590648776
2003-09-24,-82.51791793866137
2003-09-25,-81.38579032779074
2003-09-26,-83.14483729323206
2003-09-27,-85.04948872861418
2003-09-28,-83.77241495537451
2003-09-29,-84.1087557505405
2003-09-30,-85.43491126357374
2003-10-01,-85.15664465065791
2003-10-02,-85.00881581871974
2003-10-03,-84.66699051641501
2003-10-04,-83.31342372702258
2003-10-05,-85.6133987105738
2003-10-06,-84.73596433058908
2003-10-07,-84.52458424896047
2003-10-08,-83.7746198612588
2003-10-09,-85.13120620295966
2003-10-10,-87.590990204721
2003-10-11,-86.7837257185502
2003-10-12,-86.88709974951365
2003-10-13,-86.04353084889367
2003-10-14,-88.323578784842
2003-10-15,-86.85033693767843
2003-10-16,-87.17628814720148
2003-10-17,-88.42584913968933
2003-10-18,-88.53235391425424
2003-10-19,-88.14548592446118
2003-10-20,-91.43770747346815
2003-10-21,-89.79928157371445
2003-10-22,-89.4079851180632
2003-10-23,-89.8421030578594
2003-10-24,-88.35529094839077
2003-10-25,-91.9343886237288
2003-10-26,-89.57452489308572
2003-10-27,-89.93407173583667
2003-10-28,-91.01572322632252
2003-10-29,-89.46656760478258
2003-10-30,-89.86174569968729
2003-10-31,-92.04338951014189
2003-11-01,-90.9408967823706
2003-11-02,-91.62851886791007
2003-11-03,-90.52765034184306
2003-11-04,-91.92557931087433
2003-11-05,-93.71014874612605
2003-11-06,-93.82441677177371
2003-11-07,-92.14395859067231
2003-11-08,-91.92068192765655
2003-11-09,-93.56904151838967
2003-11-10,-93.905525919113
2003-11-11,-93.47850446915277
2003-11-12,-92.10450128252693
2003-11-13,-93.20828690763396
2003-11-14,-93.74381961385417
2003-11-15,-94.6694893630574
2003-11-16,-93.88457529491895
2003-11-17,-95.89050765764065
2003-11-18,-95.69396903528023
2003-11-19,-95.5148314563289
2003-11-20,-95.15373167559592
2003-11-21,-95.60300501165352
2003-11-22,-94.26974420849517
2003-11-23,-97.10846429426807
2003-11-24,-95.07851972503504
2003-11-25,-96.0634448154552
2003-11-26,-95.30076367272065
2003-11-27,-96.95098193050353
2003-11-28,-96.67376684585084
2003-11-29,-98.76625551978762
2003-11-30,-95.35084497125112
2003-12-01,-96.23707315413738
2003-12-02,-97.22935555686087
2003-12-03,-97.00204163600358
2003-12-04,-98.02870021570453
2003-12-05,-98.57245223866177
2003-12-06,-96.59564966077178
2003-12-07,-97.52852446304026
2003-12-08,-98.01113900461468
2003-12-09,-99.42097376605075
2003-12-10,-97.87564042257677
2003-12-11,-96.7427630465143
2003-12-12,-97.72512063259218
2003-12-13,-99.22631186744388
2003-12-14,-98.94932418063473
2003-12-15,-98.3432666823989
2003-12-16,-99.63065260675101
2003-12-17,-101.39459416796265
2003-12-18,-98.5953108579843
2003-12-19,-98.66692250273786
2003-12-20,-98.21391448689899
2003-12-21,-99.98134842280719
2003-12-22,-100.50817509204848
2003-12-23,-98.35976141058156
2003-12-24,-100.34728703897714
2003-12-25,-99.94039163373597
2003-12-26,-98.99865616440904
2003-12-27,-101.29290782752341
2003-12-28,-98.92541671324045
2003-12-29,-100.40936024861931
2003-12-30,-101.17201234357586
2003-12-31,-99.50346384285452
2004-01-01,-99.78548518484483
2004-01-02,-100.10371958671628
2004-01-03,-100.37796310603166
2004-01-04,-100.2041412584346
2004-01-05,-99.10857218722315
2004-01-06,-102.51921388205905
2004-01-07,-101.31576495198985
2004-01-08,-100.54778885140867
2004-01-09,-101.64458925176523
2004-01-10,-102.38065729432009
2004-01-11,-101.33562755406882
2004-01-12,-101.87845970160522
2004-01-13,-100.96518484021813
2004-01-14,-100.79330764421843
2004-01-15,-100.57562520187122
2004-01-16,-100.91611040921235
2004-01-17,-100.39131001128555
2004-01-18,-102.89405160927633
2004-01-19,-101.42583370175171
2004-01-20,-99.70762090908231
2004-01-21,-101.72766528513357
2004-01-22,-101.73323991059215
2004-01-23,-103.39871811698293
2004-01-24,-102.76424976594478
2004-01-25,-101.14522125218257
2004-01-26,-100.83865716839681
2004-01-27,-104.22753721722866
2004-01-28,-102.25011484146758
2004-01-29,-100.4822079197615
2004-01-30,-102.0537185254785
2004-01-31,-103.43894446667505
2004-02-01,-103.01562315814778
2004-02-02,-102.64255133548123
2004-02-03,-102.85948519548845
2004-02-04,-102.13232998933144
2004-02-05,-101.53005337020805
2004-02-06,-101.54850269131919
2004-02-07,-102.19805607943245
2004-02-08,-101.03845238377542
2004-02-09,-103.22395931040016
2004-02-10,-102.11462082437686
2004-02-11,-102.62525083683433
2004-02-12,-103.31352432034905
2004-02-13,-103.50843032837741
2004-02-14,-102.8669359985576
2004-02-15,-100.89434385337012
2004-02-16,-100.69631380653001
2004-02-17,-101.94351472000848
2004-02-18,-102.02428952015157
2004-02-19,-101.79847678579836
2004-02-20,-101.91601791120357
2004-02-21,-101.32472630242377
2004-02-22,-103.09199671974598
2004-02-23,-102.05182873058602
2004-02-24,-101.32544039868748
2004-02-25,-101.14637131477042
2004-02-26,-101.7501956934929
2004-02-27,-101.90141396000152
2004-02-28,-102.36973538577767
2004-02-29,-102.0636192753644
2004-03-01,-99.8202694251588
2004-03-02,-102.94946776535332
2004-03-03,-103.3049080382849
2004-03-04,-102.88654308682753
2004-03-05,-101.69474575989416
2004-03-06,-101.2841238417952
2004-03-07,-102.59075008773371
2004-03-08,-100.96184864894134
2004-03-09,-101.95116434310827
2004-03-10,-102.13659785455005
2004-03-11,-100.31978916583617
2004-03-12,-101.04726595157314
2004-03-13,-99.91799480794712
2004-03-14,-102.25730986328765
2004-03-15,-102.60697083081006
2004-03-16,-100.41371654561728
2004-03-17,-99.6305005811348
2004-03-18,-102.62673728677024
2004-03-19,-101.51406302776053
2004-03-20,-101.79239907190426
2004-03-21,-100.97350903783396
2004-03-22,-101.75293376200742
2004-03-23,-100.30795268155791
2004-03-24,-102.3426501914276
2004-03-25,-101.65246043042518
2004-03-26,-101.43169326093233
2004-03-27,-101.36125824520579
2004-03-28,-101.4782897478838
2004-03-29,-99.41266831890151
2004-03-30,-101.1419685610332
2004-03-31,-101.50245923971673
2004-04-01,-100.16120659427936
2004-04-02,-98.49461368643283
2004-04-03,-100.16262013231555
2004-04-04,-99.7874293016924
2004-04-05,-98.75368107902675
2004-04-06,-99.58470840329993
2004-04-07,-99.73119679382478
2004-04-08,-99.83250783305061
2004-04-09,-100.19869413405492
2004-04-10,-99.56369784783371
2004-04-11,-100.18530593332765
2004-04-12,-99.60878701672871
2004-04-13,-99.26662065725232
2004-04-14,-99.24632416371185
2004-04-15,-99.66893772041524
2004-04-16,-98.51750156692185
2004-04-17,-98.83154476868667
2004-04-18,-99.30839356610764
2004-04-19,-99.79420589398038
2004-04-20,-99.26964274220386
2004-04-21,-100.13524113973433
2004-04-22,-99.26394020330854
2004-04-23,-98.26225795667338
2004-04-24,-99.61220713510507
2004-04-25,-98.51110240090891
2004-04-26,-97.40607726119282
2004-04-27,-98.85195230565245
2004-04-28,-97.02783834918104
2004-04-29,-96.54880084872399
2004-04-30,-97.4898521530136
2004-05-01,-97.63712983923446
2004-05-02,-96.43827956213494
2004-05-03,-98.6830536983345
2004-05-04,-96.63336846821588
2004-05-05,-96.65546040116882
2004-05-06,-96.21668495836137
2004-05-07,-98.6969694764804
2004-05-08,-98.68560929514432
2004-05-09,-96.83376965937087
2004-05-10,-97.47165167871842
2004-05-11,-98.49317221808313
2004-05-12,-95.8002819712943
2004-05-13,-94.66543510439635
2004-05-14,-94.3921350589388
2004-05-15,-96.00264105211434
2004-05-16,-95.20615716353598
2004-05-17,-95.38220043931278
2004-05-18,-97.39748529855136
2004-05-19,-95.84667839133319
2004-05-20,-96.73924915447157
2004-05-21,-94.73629256391662
2004-05-22,-94.68173491103529
2004-05-23,-95.77444203819535
2004-05-24,-94.05127202691408
2004-05-25,-93.75971653866844
2004-05-26,-96.17369168324399
2004-05-27,-94.08511363957366
2004-05-28,-94.26253396515783
2004-05-29,-95.25641183412728
2004-05-30,-95.32749090094202
2004-05-31,-93.53452894817687
2004-06-01,-93.39159451206301
2004-06-02,-93.70695958779524
2004-06-03,-93.16957390904427
2004-06-04,-93.14385364897345
2004-06-05,-92.7700624070084
2004-06-06,-91.5893584890575
2004-06-07,-92.90886737353725
2004-06-08,-92.54010075765876
2004-06-09,-92.02044596861006
2004-06-10,-91.66972253143999
2004-06-11,-92.60835248700798
2004-06-12,-91.04930360312396
2004-06-13,-91.36686221172815
2004-06-14,-90.8465515710581
2004-06-15,-92.35944289628077
2004-06-16,-93.17461106262549
2004-06-17,-92.37657957729091
2004-06-18,-89.78303751631681
2004-06-19,-90.50630057805876
2004-06-20,-91.65176541744674
2004-06-21,-89.84194820325388
2004-06-22,-90.00683076923872
2004-06-23,-91.54989318028451
2004-06-24,-91.1667803492659
2004-06-25,-88.83242276609296
2004-06-26,-91.65413533700846
2004-06-27,-90.22286288169205
2004-06-28,-89.72183224037595
2004-06-29,-87.59186972091797
2004-06-30,-90.72900164699038
2004-07-01,-89.16329711175547
2004-07-02,-88.19674385725003
2004-07-03,-89.76926207132081
2004-07-04,-87.7062067570558
2004-07-05,-85.52753523261462
2004-07-06,-87.72470982938779
2004-07-07,-88.29510145625724
2004-07-08,-87.183772514211
2004-07-09,-88.52927706040008
2004-07-10,-86.39621038240792
2004-07-11,-86.5228362005963
2004-07-12,-85.68651825932123
2004-07-13,-87.0662237961058
2004-07-14,-86.37164445007838
2004-07-15,-87.25377297473013
2004-07-16,-84.39055483430106
2004-07-17,-85.89880167349982
2004-07-18,-86.63650318275954
2004-07-19,-84.97680195302938
2004-07-20,-85.72587413459082
2004-07-21,-84.88946685559847
2004-07-22,-85.61938710366816
2004-07-23,-84.58186993773242
2004-07-24,-86.59497630534459
2004-07-25,-84.63125585933425
2004-07-26,-84.06786279490251
2004-07-27,-83.48621268492855
2004-07-28,-84.51986014836608
2004-07-29,-85.09535223303098
2004-07-30,-81.6430784729463
2004-07-31,-81.66698391762226
2004-08-01,-82.53995484874459
2004-08-02,-80.4731023260406
2004-08-03,-82.62788126890223
2004-08-04,-82.39561831260198
2004-08-05,-80.49588073421647
2004-08-06,-80.94273040724308
2004-08-07,-82.57558542350111
2004-08-08,-80.60962490301284
2004-08-09,-83.58332618852272
2004-08-10,-80.74730358695533
2004-08-11,-80.10664837776488
2004-08-12,-79.81635479547487
2004-08-13,-79.02678297714556
2004-08-14,-81.00848866123786
2004-08-15,-80.39662088575004
2004-08-16,-78.69311068008604
2004-08-17,-79.90562321031268
2004-08-18,-79.14499379669753
2004-08-19,-80.16182918074234
2004-08-20,-78.74217384543243
2004-08-21,-77.94601506132392
2004-08-22,-80.02296939192867
2004-08-23,-78.36796495471242
2004-08-24,-79.78651208396947
2004-08-25,-79.96616012679722
2004-08-26,-76.51097842804434
2004-08-27,-77.15756986021042
2004-08-28,-75.86887380295789
2004-08-29,-77.32342394376494
2004-08-30,-77.10568989905207
2004-08-31,-76.144515254381
2004-09-01,-75.75706648976602
2004-09-02,-76.22287717133446
2004-09-03,-75.58330272064693
2004-09-04,-76.13489594958332
2004-09-05,-75.77653898656514
2004-09-06,-75.88133243207754
2004-09-07,-75.45628186579286
2004-09-08,-73.53346668033802
2004-09-09,-73.99233655661558
2004-09-10,-73.87478488338532
2004-09-11,-75.051635162342
2004-09-12,-73.94957017028848
2004-09-13,-74.97344562522579
2004-09-14,-75.05403504900703
2004-09-15,-74.1351340119934
2004-09-16,-73.23268916681458
2004-09-17,-71.91156954982743
2004-09-18,-71.88572337504242
2004-09-19,-71.90056817961148
2004-09-20,-71.27452640644087
2004-09-21,-71.97791854302554
2004-09-22,-72.66220947592674
2004-09-23,-71.65929701505982
2004-09-24,-71.15296139236553
2004-09-25,-71.42801863485782
2004-09-26,-70.24054662080438
2004-09-27,-70.36232085652983
2004-09-28,-70.13578816562415
2004-09-29,-70.58718985240769
2004-09-30,-70.29331903491853
2004-10-01,-69.22854992233792
2004-10-02,-69.97269371948335
2004-10-03,-69.65314907030401
2004-10-04,-67.96171892244135
2004-10-05,-68.89615790960427
2004-10-06,-68.71077376522717
2004-10-07,-67.67764178140544
2004-10-08,-68.95857318581676
2004-10-09,-67.10932555646885
2004-10-10,-66.98829971543354
2004-10-11,-67.68443779889951
2004-10-12,-64.73499725626797
2004-10-13,-67.18916275785773
2004-10-14,-66.96910258598157
2004-10-15,-66.64598970811514
2004-10-16,-66.9742062274781
2004-10-17,-67.41236933747494
2004-10-18,-64.34676991992751
2004-10-19,-64.25969085502147
2004-10-20,-66.08598911561845
2004-10-21,-62.408793323772194
2004-10-22,-64.31674795172813
2004-10-23,-66.37633135111236
2004-10-24,-62.92878071106172
2004-10-25,-64.575236001565
2004-10-26,-64.36448133653995
2004-10-27,-63.54666836111614
2004-10-28,-64.57263810531086
2004-10-29,-62.958177022250254
2004-10-30,-62.59188975418572
2004-10-31,-62.33042364376019
2004-11-01,-63.79433583985902
2004-11-02,-62.944454394918495
2004-11-03,-60.49691219180123
2004-11-04,-61.670503746934216
2004-11-05,-61.68916853077306
2004-11-06,-61.789748695453284
2004-11-07,-61.51491853953339
2004-11-08,-62.370568691791405
2004-11-09,-60.615847463077735
2004-11-10,-62.15592370717119
2004-11-11,-60.64441905578622
2004-11-12,-59.91108589773827
2004-11-13,-58.976371632608284
2004-11-14,-56.92206890726547
2004-11-15,-57.86948523632834
2004-11-16,-57.38288763834082
2004-11-17,-59.73695789908869
2004-11-18,-57.52178190494956
2004-11-19,-58.36965844124794
2004-11-20,-58.09458471953573
2004-11-21,-56.818150861047506
2004-11-22,-58.223833818634766
2004-11-23,-57.28912660399943
2004-11-24,-55.69683018867877
2004-11-25,-55.81687982239059
2004-11-26,-56.27375899735958
2004-11-27,-54.49066999152412
2004-11-28,-58.66042378100438
2004-11-29,-57.5595738535105
2004-11-30,-55.469100584690686
2004-12-01,-56.40372694972444
2004-12-02,-54.23971876297944
2004-12-03,-55.489430240962974
2004-12-04,-55.56413961364173
2004-12-05,-55.04946828239848
2004-12-06,-54.84444635597101
2004-12-07,-54.05428550366295
2004-12-08,-54.44029705706808
2004-12-09,-53.42817918586501
2004-12-10,-53.9520578854471
2004-12-11,-55.86787735454052
2004-12-12,-53.729068399293325
2004-12-13,-54.12279823702435
2004-12-14,-50.94784576143071
2004-12-15,-52.438271950812066
2004-12-16,-52.48466189850407
2004-12-17,-51.54458446341751
2004-12-18,-52.21708600603012
2004-12-19,-52.334344817167946
2004-12-20,-50.519118159892855
2004-12-21,-49.46184743994156
2004-12-22,-50.564559204870854
2004-12-23,-48.9539477104984
2004-12-24,-51.43037504891086
2004-12-25,-49.56313320601731
2004-12-26,-50.204503597799025
2004-12-27,-47.58219594674839
2004-12-28,-49.47765411574268
2004-12-29,-48.551588055192916
2004-12-30,-49.84270845758474
2004-12-31,-49.32716614907483
2005-01-01,-48.35151563399495
